date,project_name,task,hours,notes,user_email
2024-04-05,Design System,Dark mode,1.53,Deployed to staging for QA,
2024-04-06,Mobile App Redesign,Wireframes,1.6,Paired with team on implementation,
2024-04-11,Design System,Storybook config,3.19,Bug investigation and root cause analysis,
2024-04-12,Design System,Component library,7.33,,
2024-04-16,Design System,Accessibility audit,1.22,,
2024-04-16,Automated Test Suite,Coverage report,6.24,Sprint planning and estimation,
2024-04-18,Design System,Component library,4.45,Performance profiling and optimization,
2024-04-19,Support Portal,Knowledge base,2.97,Reviewed PR and addressed feedback,
2024-04-19,Automated Test Suite,CI pipeline,2.23,Sprint planning and estimation,
2024-04-20,Design System,Accessibility audit,2.6,,
2024-04-23,Cloud Migration,DNS cutover,3.38,,
2024-04-24,Cloud Migration,Database migration,3.69,,
2024-04-26,Support Portal,Knowledge base,4.52,,
2024-04-26,API Platform v2,Load testing,7.39,Paired with team on implementation,
2024-04-29,Design System,Storybook config,4.46,Investigated and fixed edge case,
2024-05-01,API Platform v2,API docs,0.7,Sprint planning and estimation,
2024-05-02,API Platform v2,Rate limiting,0.77,Deployed to staging for QA,
2024-05-03,API Platform v2,Load testing,2.53,Synced with stakeholders on requirements,
2024-05-06,API Platform v2,Auth integration,3.2,Wrote unit and integration tests,
2024-05-06,Mobile App Redesign,Push notifications,7.77,Updated documentation,
2024-05-06,Mobile App Redesign,Wireframes,2.56,Wrote unit and integration tests,
2024-05-07,Internal Tools,Deploy script,2.74,Prototyped new approach,
2024-05-07,API Platform v2,Rate limiting,3.94,,
2024-05-11,Cloud Migration,DNS cutover,0.78,Reviewed PR and addressed feedback,
2024-05-13,Automated Test Suite,Coverage report,2.28,Reviewed PR and addressed feedback,
2024-05-14,Design System,Token system,1.53,Paired with team on implementation,
2024-05-14,Internal Tools,Log viewer,1.07,Wrote unit and integration tests,
2024-05-15,Mobile App Redesign,Navigation rework,1.21,Synced with stakeholders on requirements,
2024-05-16,Cloud Migration,Infra planning,1.85,,
2024-05-16,Cloud Migration,Monitoring setup,1.48,Reviewed PR and addressed feedback,
2024-05-16,Cloud Migration,Database migration,1.27,,
2024-05-16,Mobile App Redesign,Push notifications,3.98,,
2024-05-17,Cloud Migration,DNS cutover,3.72,Wrote unit and integration tests,
2024-05-20,Support Portal,Chat widget,2.25,,
2024-05-21,Support Portal,Chat widget,4.13,Updated documentation,
2024-05-22,Mobile App Redesign,Navigation rework,1.44,Deployed to staging for QA,
2024-05-23,API Platform v2,API docs,1.4,Reviewed PR and addressed feedback,
2024-05-26,Internal Tools,Log viewer,3.01,,
2024-05-27,Internal Tools,Log viewer,7.38,Code review and refactoring,
2024-05-31,Automated Test Suite,Test fixtures,2.49,Investigated and fixed edge case,
2024-05-31,API Platform v2,Rate limiting,3.83,,
2024-06-04,Support Portal,Knowledge base,7.69,Prototyped new approach,
2024-06-10,Cloud Migration,Monitoring setup,2.57,,
2024-06-12,Internal Tools,Metrics collector,3.88,Reviewed PR and addressed feedback,
2024-06-14,Support Portal,Chat widget,4.5,Prototyped new approach,
2024-06-17,API Platform v2,Schema migration,2.0,Code review and refactoring,
2024-06-18,Mobile App Redesign,Wireframes,0.94,Investigated and fixed edge case,
2024-06-18,API Platform v2,Rate limiting,1.34,Deployed to staging for QA,
2024-06-20,Support Portal,Knowledge base,1.32,Investigated and fixed edge case,
2024-06-20,Internal Tools,Admin dashboard,6.78,Bug investigation and root cause analysis,
2024-06-24,Mobile App Redesign,Wireframes,1.07,Updated documentation,
2024-06-24,API Platform v2,Auth integration,3.1,Paired with team on implementation,
2024-06-25,Mobile App Redesign,Performance tuning,2.63,,
2024-06-26,Automated Test Suite,Coverage report,2.88,Paired with team on implementation,
2024-06-28,Mobile App Redesign,Offline sync,1.17,,
2024-07-01,Automated Test Suite,Coverage report,1.07,Sprint planning and estimation,
2024-07-02,Automated Test Suite,CI pipeline,1.13,,
2024-07-04,Internal Tools,Admin dashboard,0.65,,
2024-07-06,API Platform v2,Endpoint design,1.62,Prototyped new approach,
2024-07-08,Automated Test Suite,Coverage report,2.61,Prototyped new approach,
2024-07-10,Cloud Migration,Database migration,4.61,Paired with team on implementation,
2024-07-10,Mobile App Redesign,Wireframes,3.8,Code review and refactoring,
2024-07-10,API Platform v2,API docs,3.19,Reviewed PR and addressed feedback,
2024-07-11,API Platform v2,Schema migration,1.32,Paired with team on implementation,
2024-07-12,Internal Tools,Log viewer,2.93,Performance profiling and optimization,
2024-07-14,Automated Test Suite,CI pipeline,2.16,Investigated and fixed edge case,
2024-07-15,Mobile App Redesign,Push notifications,0.65,,
2024-07-16,Design System,Dark mode,1.75,,
2024-07-16,Mobile App Redesign,Performance tuning,3.76,Synced with stakeholders on requirements,
2024-07-17,Mobile App Redesign,Navigation rework,0.68,Sprint planning and estimation,
2024-07-18,Cloud Migration,Monitoring setup,4.18,Bug investigation and root cause analysis,
2024-07-19,Cloud Migration,Monitoring setup,3.14,,
2024-07-22,Internal Tools,Metrics collector,0.91,Performance profiling and optimization,
2024-07-23,Cloud Migration,Monitoring setup,3.53,,
2024-07-23,Cloud Migration,Database migration,3.53,Synced with stakeholders on requirements,
2024-07-23,Internal Tools,Admin dashboard,7.88,Bug investigation and root cause analysis,
2024-07-24,Internal Tools,Metrics collector,3.48,Updated documentation,
2024-07-26,Mobile App Redesign,Push notifications,2.18,Paired with team on implementation,
2024-07-29,Support Portal,Knowledge base,3.09,Wrote unit and integration tests,
2024-07-30,Mobile App Redesign,Performance tuning,1.58,Updated documentation,
2024-07-31,API Platform v2,Schema migration,2.91,Prototyped new approach,
2024-07-31,Automated Test Suite,Flaky test fix,0.5,Updated documentation,
2024-07-31,Cloud Migration,DNS cutover,0.69,Performance profiling and optimization,
2024-08-06,Cloud Migration,DNS cutover,6.38,,
2024-08-08,Design System,Accessibility audit,1.03,Performance profiling and optimization,
2024-08-08,Internal Tools,Metrics collector,4.71,Synced with stakeholders on requirements,
2024-08-09,Design System,Storybook config,0.75,Prototyped new approach,
2024-08-12,API Platform v2,Endpoint design,5.57,Synced with stakeholders on requirements,
2024-08-13,API Platform v2,Load testing,1.4,Synced with stakeholders on requirements,
2024-08-15,Internal Tools,Log viewer,2.88,Paired with team on implementation,
2024-08-17,Mobile App Redesign,Navigation rework,2.32,Synced with stakeholders on requirements,
2024-08-19,Cloud Migration,Terraform modules,2.37,Deployed to staging for QA,
2024-08-21,Internal Tools,Health checks,5.19,,
2024-08-22,Internal Tools,Admin dashboard,2.88,Paired with team on implementation,
2024-08-22,API Platform v2,Schema migration,6.61,Bug investigation and root cause analysis,
2024-08-25,Internal Tools,Deploy script,4.75,Deployed to staging for QA,
2024-08-27,Internal Tools,Admin dashboard,3.06,Investigated and fixed edge case,
2024-08-30,Support Portal,Chat widget,1.7,Updated documentation,
2024-09-03,Support Portal,Knowledge base,2.33,Synced with stakeholders on requirements,
2024-09-03,Cloud Migration,DNS cutover,3.1,Updated documentation,
2024-09-04,API Platform v2,Schema migration,3.36,,
2024-09-04,API Platform v2,Schema migration,1.37,,
2024-09-05,Mobile App Redesign,Wireframes,6.17,Synced with stakeholders on requirements,
2024-09-05,API Platform v2,Auth integration,7.57,Investigated and fixed edge case,
2024-09-09,Mobile App Redesign,Wireframes,1.75,Wrote unit and integration tests,
2024-09-09,API Platform v2,Rate limiting,3.55,Code review and refactoring,
2024-09-12,Internal Tools,Metrics collector,1.69,Investigated and fixed edge case,
2024-09-12,Cloud Migration,Infra planning,7.98,,
2024-09-14,Support Portal,Chat widget,2.32,,
2024-09-19,Cloud Migration,DNS cutover,3.57,Wrote unit and integration tests,
2024-09-19,Support Portal,SLA dashboard,0.53,Reviewed PR and addressed feedback,
2024-09-20,Mobile App Redesign,Navigation rework,3.07,Performance profiling and optimization,
2024-09-20,API Platform v2,Load testing,3.4,Wrote unit and integration tests,
2024-09-23,Design System,Dark mode,3.32,,
2024-09-25,API Platform v2,Schema migration,4.96,Investigated and fixed edge case,
2024-10-02,Mobile App Redesign,Wireframes,3.85,Performance profiling and optimization,
2024-10-05,Cloud Migration,DNS cutover,0.79,,
2024-10-11,API Platform v2,Rate limiting,1.69,,
2024-10-14,Support Portal,Knowledge base,1.36,Wrote unit and integration tests,
2024-10-15,Cloud Migration,Monitoring setup,1.58,Sprint planning and estimation,
2024-10-16,API Platform v2,API docs,1.51,,
2024-10-16,Internal Tools,Admin dashboard,2.09,Paired with team on implementation,
2024-10-18,Cloud Migration,Infra planning,2.33,Reviewed PR and addressed feedback,
2024-10-21,Cloud Migration,Terraform modules,3.9,,
2024-10-24,API Platform v2,Auth integration,1.31,Updated documentation,
2024-10-24,Internal Tools,Deploy script,1.25,Bug investigation and root cause analysis,
2024-10-24,Internal Tools,Log viewer,3.95,Investigated and fixed edge case,
2024-10-31,Automated Test Suite,E2E setup,1.37,Sprint planning and estimation,
2024-11-01,Mobile App Redesign,Performance tuning,1.03,Wrote unit and integration tests,
2024-11-04,Internal Tools,Admin dashboard,1.41,Deployed to staging for QA,
2024-11-04,Internal Tools,Log viewer,3.84,Investigated and fixed edge case,
2024-11-05,Cloud Migration,Monitoring setup,2.64,Prototyped new approach,
2024-11-06,Mobile App Redesign,Offline sync,2.24,Investigated and fixed edge case,
2024-11-06,Mobile App Redesign,Navigation rework,0.56,,
2024-11-07,Internal Tools,Deploy script,1.83,Wrote unit and integration tests,
2024-11-08,Internal Tools,Log viewer,2.44,Prototyped new approach,
2024-11-13,Design System,Storybook config,7.74,Performance profiling and optimization,
2024-11-17,Mobile App Redesign,Wireframes,1.12,Paired with team on implementation,
2024-11-18,Mobile App Redesign,Wireframes,2.93,Deployed to staging for QA,
2024-11-19,Automated Test Suite,Test fixtures,5.1,,
2024-11-19,Support Portal,Chat widget,3.38,Wrote unit and integration tests,
2024-11-20,Mobile App Redesign,Navigation rework,2.49,Paired with team on implementation,
2024-11-20,Cloud Migration,Cost analysis,2.93,Deployed to staging for QA,
2024-11-22,Design System,Accessibility audit,6.14,Bug investigation and root cause analysis,
2024-11-25,Internal Tools,Log viewer,2.38,,
2024-11-25,Automated Test Suite,Test fixtures,2.38,Reviewed PR and addressed feedback,
2024-11-27,Cloud Migration,Database migration,3.33,Code review and refactoring,
2024-11-27,Design System,Component library,1.87,,
2024-12-02,Mobile App Redesign,Wireframes,5.87,Investigated and fixed edge case,
2024-12-02,Automated Test Suite,Flaky test fix,3.72,Synced with stakeholders on requirements,
2024-12-03,Design System,Component library,2.1,Wrote unit and integration tests,
2024-12-04,API Platform v2,Endpoint design,1.89,Performance profiling and optimization,
2024-12-05,Design System,Component library,4.28,Reviewed PR and addressed feedback,
2024-12-11,Mobile App Redesign,Wireframes,2.9,Performance profiling and optimization,
2024-12-11,API Platform v2,API docs,3.08,Reviewed PR and addressed feedback,
2024-12-12,Internal Tools,Admin dashboard,0.9,Deployed to staging for QA,
2024-12-13,Mobile App Redesign,Offline sync,1.65,Paired with team on implementation,
2024-12-13,Automated Test Suite,E2E setup,2.7,Paired with team on implementation,
2024-12-16,API Platform v2,Endpoint design,1.54,,
2024-12-18,Mobile App Redesign,Offline sync,2.16,Sprint planning and estimation,
2024-12-19,Internal Tools,Log viewer,2.69,,
2024-12-25,API Platform v2,Auth integration,1.62,,
2024-12-27,Internal Tools,Admin dashboard,3.36,Synced with stakeholders on requirements,
2024-12-30,Design System,Storybook config,3.69,Code review and refactoring,
2024-12-30,Mobile App Redesign,Performance tuning,3.87,Performance profiling and optimization,
2025-01-02,Cloud Migration,Terraform modules,2.58,Sprint planning and estimation,
2025-01-05,Internal Tools,Health checks,0.83,,
2025-01-07,Automated Test Suite,CI pipeline,0.7,Bug investigation and root cause analysis,
2025-01-09,Automated Test Suite,CI pipeline,2.32,Investigated and fixed edge case,
2025-01-09,Cloud Migration,Database migration,2.91,Wrote unit and integration tests,
2025-01-10,Automated Test Suite,CI pipeline,1.6,Deployed to staging for QA,
2025-01-10,Automated Test Suite,Test fixtures,2.91,Prototyped new approach,
2025-01-18,Mobile App Redesign,Offline sync,2.36,Code review and refactoring,
2025-01-19,Automated Test Suite,Flaky test fix,0.91,Performance profiling and optimization,
2025-01-21,Automated Test Suite,Test fixtures,0.98,Wrote unit and integration tests,
2025-01-22,API Platform v2,Endpoint design,3.01,,
2025-01-23,API Platform v2,Load testing,1.31,,
2025-01-23,Support Portal,Ticket flow,2.88,Sprint planning and estimation,
2025-01-24,Cloud Migration,DNS cutover,3.4,Bug investigation and root cause analysis,
2025-01-24,Automated Test Suite,E2E setup,2.84,Paired with team on implementation,
2025-01-27,Design System,Storybook config,2.96,Investigated and fixed edge case,
2025-01-27,Automated Test Suite,Test fixtures,1.89,Bug investigation and root cause analysis,
2025-01-28,Automated Test Suite,Test fixtures,3.03,Investigated and fixed edge case,
2025-01-29,Mobile App Redesign,Performance tuning,1.83,Performance profiling and optimization,
2025-01-30,Mobile App Redesign,Performance tuning,2.19,Paired with team on implementation,
2025-01-30,Cloud Migration,Infra planning,6.33,Paired with team on implementation,
2025-01-30,Cloud Migration,Cost analysis,0.61,Reviewed PR and addressed feedback,
2025-01-31,Cloud Migration,DNS cutover,6.16,Prototyped new approach,
2025-02-04,Cloud Migration,Infra planning,3.35,,
2025-02-06,Mobile App Redesign,Performance tuning,1.71,Prototyped new approach,
2025-02-06,Automated Test Suite,Flaky test fix,1.26,,
2025-02-09,Design System,Accessibility audit,1.93,Bug investigation and root cause analysis,
2025-02-13,Design System,Component library,1.92,Updated documentation,
2025-02-13,Cloud Migration,Database migration,2.17,Prototyped new approach,
2025-02-14,Internal Tools,Log viewer,2.59,Deployed to staging for QA,
2025-02-14,Support Portal,SLA dashboard,2.39,Bug investigation and root cause analysis,
2025-02-14,API Platform v2,Endpoint design,2.47,Reviewed PR and addressed feedback,
2025-02-17,Cloud Migration,Cost analysis,1.47,Sprint planning and estimation,
2025-02-17,Design System,Accessibility audit,3.43,Performance profiling and optimization,
2025-02-19,Automated Test Suite,Coverage report,5.83,,
2025-02-19,Cloud Migration,Monitoring setup,0.67,Deployed to staging for QA,
2025-02-21,Mobile App Redesign,Navigation rework,1.67,Performance profiling and optimization,
2025-02-24,Internal Tools,Log viewer,2.26,Updated documentation,
2025-02-26,API Platform v2,Rate limiting,2.61,Wrote unit and integration tests,
2025-02-27,Mobile App Redesign,Push notifications,3.15,Bug investigation and root cause analysis,
2025-03-01,API Platform v2,API docs,0.85,Wrote unit and integration tests,
2025-03-03,Mobile App Redesign,Performance tuning,3.75,Prototyped new approach,
2025-03-04,Cloud Migration,Cost analysis,1.64,Deployed to staging for QA,
2025-03-06,Automated Test Suite,E2E setup,1.95,,
2025-03-06,Mobile App Redesign,Performance tuning,0.64,Code review and refactoring,
2025-03-07,Cloud Migration,DNS cutover,1.72,Updated documentation,
2025-03-08,API Platform v2,Auth integration,1.33,Bug investigation and root cause analysis,
2025-03-09,Cloud Migration,Infra planning,2.44,Wrote unit and integration tests,
2025-03-09,Automated Test Suite,CI pipeline,7.21,Reviewed PR and addressed feedback,
2025-03-13,API Platform v2,Load testing,1.06,Sprint planning and estimation,
2025-03-13,Internal Tools,Metrics collector,3.49,Updated documentation,
2025-03-16,Cloud Migration,Infra planning,3.93,Deployed to staging for QA,
2025-03-17,Mobile App Redesign,Wireframes,2.38,Code review and refactoring,
2025-03-24,API Platform v2,API docs,2.15,Synced with stakeholders on requirements,
2025-03-26,Cloud Migration,DNS cutover,1.68,Wrote unit and integration tests,
2025-03-26,Cloud Migration,DNS cutover,1.43,Synced with stakeholders on requirements,
2025-03-27,Cloud Migration,Terraform modules,1.2,Paired with team on implementation,
2025-04-02,API Platform v2,Schema migration,0.57,,
2025-04-02,Support Portal,Knowledge base,3.19,,
2025-04-02,Mobile App Redesign,Offline sync,4.43,Bug investigation and root cause analysis,
2025-04-07,Internal Tools,Health checks,1.39,Performance profiling and optimization,
2025-04-07,API Platform v2,Schema migration,7.09,Performance profiling and optimization,
2025-04-08,Support Portal,Knowledge base,3.68,Investigated and fixed edge case,
2025-04-09,Design System,Component library,2.44,,
2025-04-09,API Platform v2,Schema migration,0.67,Prototyped new approach,
2025-04-10,Mobile App Redesign,Offline sync,0.86,Wrote unit and integration tests,
2025-04-14,Cloud Migration,Cost analysis,0.92,Prototyped new approach,
2025-04-15,Cloud Migration,DNS cutover,5.55,Bug investigation and root cause analysis,
2025-04-16,Design System,Accessibility audit,3.55,,
2025-04-17,Cloud Migration,Database migration,1.67,Investigated and fixed edge case,
2025-04-18,Automated Test Suite,Coverage report,3.71,Prototyped new approach,
2025-04-20,API Platform v2,API docs,2.91,Bug investigation and root cause analysis,
2025-04-21,Internal Tools,Deploy script,5.29,Wrote unit and integration tests,
2025-04-21,Support Portal,Chat widget,1.64,Wrote unit and integration tests,
2025-04-22,Automated Test Suite,Test fixtures,3.68,Investigated and fixed edge case,
2025-04-23,API Platform v2,Load testing,1.81,Prototyped new approach,
2025-04-23,API Platform v2,API docs,1.68,Bug investigation and root cause analysis,
2025-04-23,API Platform v2,Endpoint design,3.8,Synced with stakeholders on requirements,
2025-04-24,API Platform v2,Auth integration,1.75,Bug investigation and root cause analysis,
2025-04-25,Design System,Component library,3.41,Performance profiling and optimization,
2025-04-28,Design System,Token system,1.25,,
2025-04-29,API Platform v2,Load testing,7.14,Performance profiling and optimization,
2025-04-30,Design System,Accessibility audit,1.95,Code review and refactoring,
2025-04-30,Mobile App Redesign,Offline sync,3.56,Updated documentation,
2025-05-01,API Platform v2,Schema migration,1.26,,
2025-05-01,Support Portal,Knowledge base,6.21,Wrote unit and integration tests,
2025-05-05,Support Portal,Ticket flow,5.79,Code review and refactoring,
2025-05-06,Automated Test Suite,CI pipeline,1.0,Prototyped new approach,
2025-05-06,Automated Test Suite,E2E setup,2.44,Reviewed PR and addressed feedback,
2025-05-07,Internal Tools,Health checks,4.56,Wrote unit and integration tests,
2025-05-12,Design System,Component library,0.96,Deployed to staging for QA,
2025-05-13,API Platform v2,Schema migration,0.69,Deployed to staging for QA,
2025-05-14,Mobile App Redesign,Offline sync,3.56,Prototyped new approach,
2025-05-14,API Platform v2,Schema migration,1.82,Sprint planning and estimation,
2025-05-14,Design System,Storybook config,3.98,Bug investigation and root cause analysis,
2025-05-14,Mobile App Redesign,Offline sync,1.54,Updated documentation,
2025-05-15,Support Portal,Chat widget,2.55,Updated documentation,
2025-05-16,Automated Test Suite,E2E setup,1.92,Performance profiling and optimization,
2025-05-16,Design System,Dark mode,2.85,Prototyped new approach,
2025-05-19,Cloud Migration,Cost analysis,6.34,Paired with team on implementation,
2025-05-22,Cloud Migration,Monitoring setup,7.17,Performance profiling and optimization,
2025-05-26,API Platform v2,Endpoint design,1.03,Deployed to staging for QA,
2025-05-30,Support Portal,Chat widget,1.8,Wrote unit and integration tests,
2025-06-02,Cloud Migration,Monitoring setup,2.01,Synced with stakeholders on requirements,
2025-06-03,API Platform v2,API docs,1.08,,
2025-06-06,Cloud Migration,Cost analysis,0.55,Wrote unit and integration tests,
2025-06-06,Mobile App Redesign,Wireframes,3.24,Bug investigation and root cause analysis,
2025-06-09,Automated Test Suite,E2E setup,4.21,Sprint planning and estimation,
2025-06-09,Internal Tools,Metrics collector,4.23,Investigated and fixed edge case,
2025-06-10,Cloud Migration,Terraform modules,0.82,Updated documentation,
2025-06-16,Internal Tools,Admin dashboard,2.68,Paired with team on implementation,
2025-06-16,Automated Test Suite,Test fixtures,0.7,Wrote unit and integration tests,
2025-06-17,Automated Test Suite,E2E setup,3.95,Prototyped new approach,
2025-06-21,Internal Tools,Deploy script,6.94,Code review and refactoring,
2025-06-22,Mobile App Redesign,Wireframes,1.17,,
2025-06-23,Automated Test Suite,Test fixtures,1.23,Performance profiling and optimization,
2025-06-24,Internal Tools,Deploy script,1.95,Paired with team on implementation,
2025-06-25,Mobile App Redesign,Push notifications,2.35,,
2025-06-26,API Platform v2,Endpoint design,1.83,Sprint planning and estimation,
2025-06-26,Support Portal,Knowledge base,3.84,Performance profiling and optimization,
2025-06-30,Internal Tools,Log viewer,2.7,Reviewed PR and addressed feedback,
2025-07-01,Internal Tools,Health checks,1.14,,
2025-07-01,Automated Test Suite,Flaky test fix,2.61,Wrote unit and integration tests,
2025-07-01,Mobile App Redesign,Offline sync,0.9,Sprint planning and estimation,
2025-07-01,Mobile App Redesign,Offline sync,3.09,Sprint planning and estimation,
2025-07-02,Cloud Migration,Infra planning,3.82,Performance profiling and optimization,
2025-07-04,Mobile App Redesign,Wireframes,3.23,,
2025-07-07,Support Portal,SLA dashboard,7.69,Deployed to staging for QA,
2025-07-09,API Platform v2,Rate limiting,1.97,Wrote unit and integration tests,
2025-07-09,Cloud Migration,Monitoring setup,2.27,Reviewed PR and addressed feedback,
2025-07-09,Internal Tools,Deploy script,0.97,Wrote unit and integration tests,
2025-07-11,API Platform v2,Load testing,3.73,Sprint planning and estimation,
2025-07-14,Cloud Migration,Cost analysis,1.36,Investigated and fixed edge case,
2025-07-15,API Platform v2,Rate limiting,2.55,Performance profiling and optimization,
2025-07-15,Support Portal,Chat widget,7.25,,
2025-07-16,API Platform v2,Load testing,3.06,Synced with stakeholders on requirements,
2025-07-17,Internal Tools,Admin dashboard,2.96,Bug investigation and root cause analysis,
2025-07-20,Automated Test Suite,Test fixtures,2.14,Performance profiling and optimization,
2025-07-21,Automated Test Suite,E2E setup,1.16,Prototyped new approach,
2025-07-25,Cloud Migration,Infra planning,1.3,Code review and refactoring,
2025-07-28,Mobile App Redesign,Offline sync,2.74,Sprint planning and estimation,
2025-07-30,Mobile App Redesign,Wireframes,6.24,Bug investigation and root cause analysis,
2025-07-30,Support Portal,Ticket flow,0.53,Reviewed PR and addressed feedback,
2025-07-30,API Platform v2,Rate limiting,7.65,,
2025-07-31,Design System,Dark mode,3.95,Code review and refactoring,
2025-07-31,Mobile App Redesign,Performance tuning,3.36,,
2025-08-01,Mobile App Redesign,Navigation rework,2.57,Paired with team on implementation,
2025-08-01,Internal Tools,Health checks,1.92,Synced with stakeholders on requirements,
2025-08-01,Internal Tools,Deploy script,7.28,Bug investigation and root cause analysis,
2025-08-01,Mobile App Redesign,Offline sync,1.68,Performance profiling and optimization,
2025-08-05,Design System,Dark mode,0.74,Synced with stakeholders on requirements,
2025-08-05,Internal Tools,Log viewer,0.98,Synced with stakeholders on requirements,
2025-08-06,API Platform v2,Endpoint design,1.1,Investigated and fixed edge case,
2025-08-06,API Platform v2,Load testing,6.81,,
2025-08-11,Internal Tools,Deploy script,1.91,Paired with team on implementation,
2025-08-13,API Platform v2,API docs,3.01,Deployed to staging for QA,
2025-08-13,Mobile App Redesign,Wireframes,0.57,,
2025-08-14,Mobile App Redesign,Performance tuning,2.26,Code review and refactoring,
2025-08-15,API Platform v2,Rate limiting,0.83,Updated documentation,
2025-08-18,Automated Test Suite,CI pipeline,0.97,Reviewed PR and addressed feedback,
2025-08-19,Mobile App Redesign,Performance tuning,1.04,Investigated and fixed edge case,
2025-08-23,API Platform v2,Auth integration,2.52,,
2025-08-25,API Platform v2,Load testing,2.69,Paired with team on implementation,
2025-08-28,Design System,Component library,1.45,Reviewed PR and addressed feedback,
2025-08-28,Design System,Storybook config,3.64,Bug investigation and root cause analysis,
2025-08-28,API Platform v2,Rate limiting,3.32,Paired with team on implementation,
2025-08-29,Mobile App Redesign,Performance tuning,3.74,Synced with stakeholders on requirements,
2025-08-30,Mobile App Redesign,Offline sync,1.87,,
2025-09-01,Design System,Storybook config,3.52,Performance profiling and optimization,
2025-09-02,Cloud Migration,Terraform modules,2.66,Wrote unit and integration tests,
2025-09-03,API Platform v2,API docs,5.74,Sprint planning and estimation,
2025-09-08,API Platform v2,Rate limiting,1.03,Paired with team on implementation,
2025-09-08,Cloud Migration,Infra planning,1.18,Bug investigation and root cause analysis,
2025-09-09,API Platform v2,Endpoint design,3.09,,
2025-09-09,Mobile App Redesign,Offline sync,2.09,,
2025-09-10,Automated Test Suite,Flaky test fix,3.42,Sprint planning and estimation,
2025-09-11,API Platform v2,Load testing,3.82,Reviewed PR and addressed feedback,
2025-09-12,Mobile App Redesign,Wireframes,1.49,Updated documentation,
2025-09-14,Mobile App Redesign,Performance tuning,2.13,,
2025-09-15,Support Portal,Ticket flow,0.86,Bug investigation and root cause analysis,
2025-09-15,Mobile App Redesign,Performance tuning,5.8,Investigated and fixed edge case,
2025-09-15,Mobile App Redesign,Offline sync,1.27,Performance profiling and optimization,
2025-09-17,Cloud Migration,Monitoring setup,1.84,Deployed to staging for QA,
2025-09-18,Design System,Storybook config,4.54,Bug investigation and root cause analysis,
2025-09-19,API Platform v2,Schema migration,0.74,,
2025-09-22,Internal Tools,Health checks,1.66,Synced with stakeholders on requirements,
2025-09-22,Mobile App Redesign,Wireframes,0.76,Reviewed PR and addressed feedback,
2025-09-23,Cloud Migration,DNS cutover,2.6,Sprint planning and estimation,
2025-09-24,Design System,Dark mode,2.78,Updated documentation,
2025-09-24,Cloud Migration,Terraform modules,3.07,,
2025-09-26,Mobile App Redesign,Push notifications,3.86,Wrote unit and integration tests,
2025-09-29,Automated Test Suite,CI pipeline,0.58,,
2025-09-30,Design System,Component library,0.53,Prototyped new approach,
2025-10-02,Internal Tools,Log viewer,0.89,Wrote unit and integration tests,
2025-10-02,Mobile App Redesign,Wireframes,6.3,Deployed to staging for QA,
2025-10-03,Cloud Migration,DNS cutover,1.74,Prototyped new approach,
2025-10-03,Internal Tools,Health checks,1.99,Wrote unit and integration tests,
2025-10-06,Mobile App Redesign,Navigation rework,3.36,Prototyped new approach,
2025-10-06,Mobile App Redesign,Push notifications,1.47,Bug investigation and root cause analysis,
2025-10-07,Automated Test Suite,Flaky test fix,2.27,Sprint planning and estimation,
2025-10-10,API Platform v2,Endpoint design,0.85,Paired with team on implementation,
2025-10-10,Support Portal,Ticket flow,1.98,Investigated and fixed edge case,
2025-10-13,Cloud Migration,Database migration,1.83,Bug investigation and root cause analysis,
2025-10-14,Cloud Migration,DNS cutover,3.62,Wrote unit and integration tests,
2025-10-15,Mobile App Redesign,Navigation rework,1.23,Performance profiling and optimization,
2025-10-15,Design System,Dark mode,3.91,Paired with team on implementation,
2025-10-20,Internal Tools,Metrics collector,6.01,,
2025-10-20,Cloud Migration,Terraform modules,1.76,Reviewed PR and addressed feedback,
2025-10-22,Support Portal,SLA dashboard,2.39,Sprint planning and estimation,
2025-10-22,Support Portal,SLA dashboard,3.17,Code review and refactoring,
2025-10-22,Cloud Migration,Database migration,3.13,Bug investigation and root cause analysis,
2025-10-22,Support Portal,SLA dashboard,3.56,Investigated and fixed edge case,
2025-10-23,Automated Test Suite,CI pipeline,2.47,Synced with stakeholders on requirements,
2025-10-29,Mobile App Redesign,Push notifications,1.96,Investigated and fixed edge case,
2025-10-29,Cloud Migration,DNS cutover,2.81,Deployed to staging for QA,
2025-10-30,Design System,Dark mode,5.45,Investigated and fixed edge case,
2025-10-30,Support Portal,Ticket flow,1.41,Code review and refactoring,
2025-10-31,Cloud Migration,Infra planning,3.75,,
2025-10-31,API Platform v2,Schema migration,2.77,,
2025-11-01,API Platform v2,Auth integration,3.53,Sprint planning and estimation,
2025-11-03,Internal Tools,Health checks,3.94,Bug investigation and root cause analysis,
2025-11-05,Mobile App Redesign,Performance tuning,1.19,Paired with team on implementation,
2025-11-06,Design System,Dark mode,7.24,Prototyped new approach,
2025-11-10,Design System,Accessibility audit,0.75,Investigated and fixed edge case,
2025-11-10,Mobile App Redesign,Navigation rework,1.79,Deployed to staging for QA,
2025-11-11,API Platform v2,Load testing,2.47,Investigated and fixed edge case,
2025-11-11,Mobile App Redesign,Push notifications,0.95,Synced with stakeholders on requirements,
2025-11-11,Cloud Migration,DNS cutover,2.24,Paired with team on implementation,
2025-11-12,Cloud Migration,Cost analysis,1.09,Sprint planning and estimation,
2025-11-13,API Platform v2,Rate limiting,1.46,,
2025-11-14,Cloud Migration,Infra planning,5.56,,
2025-11-14,Automated Test Suite,Test fixtures,3.54,Updated documentation,
2025-11-20,Internal Tools,Log viewer,2.7,,
2025-11-24,API Platform v2,Endpoint design,3.01,Synced with stakeholders on requirements,
2025-11-26,Internal Tools,Health checks,0.83,,
2025-11-27,Design System,Dark mode,0.83,,
2025-11-28,Design System,Component library,4.15,Code review and refactoring,
2025-11-30,Support Portal,SLA dashboard,2.09,Deployed to staging for QA,
2025-12-02,Design System,Storybook config,0.57,Code review and refactoring,
2025-12-05,Support Portal,Chat widget,3.72,Performance profiling and optimization,
2025-12-05,API Platform v2,API docs,6.15,,
2025-12-06,API Platform v2,Rate limiting,0.87,,
2025-12-09,Cloud Migration,Database migration,6.62,Code review and refactoring,
2025-12-10,Internal Tools,Health checks,3.88,,
2025-12-12,Mobile App Redesign,Offline sync,0.62,Performance profiling and optimization,
2025-12-12,API Platform v2,Rate limiting,3.98,Investigated and fixed edge case,
2025-12-12,Support Portal,Knowledge base,1.22,Wrote unit and integration tests,
2025-12-16,Support Portal,Ticket flow,2.33,,
2025-12-18,Cloud Migration,Terraform modules,2.29,Reviewed PR and addressed feedback,
2025-12-21,API Platform v2,API docs,3.44,,
2025-12-23,Mobile App Redesign,Navigation rework,3.63,Code review and refactoring,
2025-12-24,Cloud Migration,Monitoring setup,4.34,Paired with team on implementation,
2025-12-24,Cloud Migration,DNS cutover,1.11,Sprint planning and estimation,
2025-12-25,Mobile App Redesign,Performance tuning,2.93,Updated documentation,
2025-12-25,API Platform v2,Endpoint design,3.02,Prototyped new approach,
2025-12-26,Internal Tools,Log viewer,3.01,Synced with stakeholders on requirements,
2025-12-29,API Platform v2,Load testing,1.38,Wrote unit and integration tests,
2025-12-29,Design System,Storybook config,1.57,Updated documentation,
2026-01-01,Mobile App Redesign,Push notifications,6.2,Bug investigation and root cause analysis,
2026-01-02,Internal Tools,Admin dashboard,5.49,Prototyped new approach,
2026-01-05,API Platform v2,Load testing,2.43,Sprint planning and estimation,
2026-01-06,Design System,Storybook config,1.22,Paired with team on implementation,
2026-01-06,API Platform v2,Schema migration,0.89,Deployed to staging for QA,
2026-01-07,Internal Tools,Deploy script,4.87,Investigated and fixed edge case,
2026-01-09,API Platform v2,API docs,3.32,Investigated and fixed edge case,
2026-01-12,Design System,Storybook config,3.19,Deployed to staging for QA,
2026-01-14,Mobile App Redesign,Offline sync,1.47,Bug investigation and root cause analysis,
2026-01-16,Cloud Migration,Monitoring setup,1.7,Synced with stakeholders on requirements,
2026-01-17,API Platform v2,Auth integration,1.21,Synced with stakeholders on requirements,
2026-01-18,Mobile App Redesign,Performance tuning,4.38,Bug investigation and root cause analysis,
2026-01-19,Cloud Migration,Infra planning,4.69,Bug investigation and root cause analysis,
2026-01-20,Cloud Migration,Database migration,7.82,Code review and refactoring,
2026-01-20,Support Portal,SLA dashboard,5.79,Deployed to staging for QA,
2026-01-22,Support Portal,SLA dashboard,3.74,Sprint planning and estimation,
2026-01-25,API Platform v2,Auth integration,0.83,,
2026-01-26,API Platform v2,Rate limiting,1.79,,
2026-01-27,Cloud Migration,Infra planning,1.33,Synced with stakeholders on requirements,
2026-01-28,API Platform v2,Load testing,6.57,Sprint planning and estimation,
2026-01-29,API Platform v2,Load testing,2.06,Synced with stakeholders on requirements,
2026-01-29,Cloud Migration,Database migration,2.72,Performance profiling and optimization,
2026-02-02,Design System,Dark mode,0.95,Paired with team on implementation,
2026-02-03,Support Portal,Ticket flow,3.94,Performance profiling and optimization,
2026-02-04,Internal Tools,Admin dashboard,2.44,Bug investigation and root cause analysis,
2026-02-04,API Platform v2,Load testing,3.51,,
2026-02-04,Cloud Migration,Database migration,3.83,Synced with stakeholders on requirements,
2026-02-06,Internal Tools,Admin dashboard,2.27,Updated documentation,
2026-02-09,Cloud Migration,Infra planning,2.13,Performance profiling and optimization,
2026-02-11,Support Portal,Ticket flow,5.29,Deployed to staging for QA,
2026-02-12,Internal Tools,Log viewer,6.49,Paired with team on implementation,
2026-02-12,Internal Tools,Deploy script,3.65,Reviewed PR and addressed feedback,
2026-02-17,API Platform v2,Endpoint design,3.69,Reviewed PR and addressed feedback,
2026-02-20,Cloud Migration,Database migration,1.77,Paired with team on implementation,
2026-02-21,Internal Tools,Deploy script,0.88,Deployed to staging for QA,
2026-02-21,Automated Test Suite,CI pipeline,1.98,Prototyped new approach,
2026-02-22,API Platform v2,Schema migration,3.91,Code review and refactoring,
2026-02-23,Mobile App Redesign,Performance tuning,2.04,Synced with stakeholders on requirements,
2026-02-25,Internal Tools,Deploy script,1.42,Sprint planning and estimation,
2026-02-26,Internal Tools,Metrics collector,1.42,Code review and refactoring,
2026-02-26,Design System,Component library,2.69,Deployed to staging for QA,
2026-02-26,API Platform v2,Schema migration,1.34,Sprint planning and estimation,
2026-02-26,Cloud Migration,Cost analysis,0.67,Investigated and fixed edge case,
2026-02-27,Mobile App Redesign,Wireframes,0.69,Synced with stakeholders on requirements,
2026-03-02,Internal Tools,Log viewer,2.38,Sprint planning and estimation,
2026-03-03,Support Portal,Chat widget,1.5,Code review and refactoring,
2026-03-05,Mobile App Redesign,Navigation rework,2.98,Paired with team on implementation,
2026-03-06,Cloud Migration,Cost analysis,2.36,Bug investigation and root cause analysis,
2026-03-06,Cloud Migration,Monitoring setup,4.81,,
2026-03-09,Internal Tools,Health checks,3.93,Synced with stakeholders on requirements,
2026-03-10,Design System,Storybook config,5.13,Paired with team on implementation,
2026-03-10,API Platform v2,API docs,1.12,,
2026-03-11,API Platform v2,Auth integration,2.55,Synced with stakeholders on requirements,
2026-03-11,Automated Test Suite,Test fixtures,0.8,Synced with stakeholders on requirements,
2026-03-11,Support Portal,Ticket flow,2.21,Paired with team on implementation,
2026-03-13,Design System,Dark mode,2.17,,
2026-03-15,Design System,Component library,2.15,Paired with team on implementation,
2026-03-16,Internal Tools,Health checks,2.65,Updated documentation,
2026-03-17,Internal Tools,Metrics collector,1.09,Bug investigation and root cause analysis,
2026-03-17,Cloud Migration,Infra planning,1.98,Deployed to staging for QA,
2026-03-18,Automated Test Suite,E2E setup,1.48,Deployed to staging for QA,
2026-03-18,Cloud Migration,Infra planning,3.62,Performance profiling and optimization,
2026-03-19,Internal Tools,Metrics collector,0.66,Prototyped new approach,
2026-03-20,Design System,Component library,1.96,Prototyped new approach,
2026-03-20,Internal Tools,Metrics collector,1.39,,
2026-03-23,API Platform v2,Endpoint design,2.44,Code review and refactoring,
2026-03-24,Cloud Migration,Database migration,0.88,Prototyped new approach,
2026-03-24,Mobile App Redesign,Offline sync,2.36,Paired with team on implementation,
2026-03-25,Mobile App Redesign,Wireframes,1.46,Investigated and fixed edge case,
2026-03-25,Mobile App Redesign,Navigation rework,1.61,,
2026-03-26,Automated Test Suite,Coverage report,2.7,Code review and refactoring,
2026-03-26,Internal Tools,Admin dashboard,3.71,Updated documentation,
2026-03-30,Internal Tools,Log viewer,1.17,Code review and refactoring,
2026-04-01,Mobile App Redesign,Push notifications,0.75,Reviewed PR and addressed feedback,
2026-04-01,Cloud Migration,Cost analysis,3.07,Reviewed PR and addressed feedback,
2026-04-02,Support Portal,Chat widget,0.78,,
2026-04-03,Support Portal,Ticket flow,1.85,Synced with stakeholders on requirements,
