date,project_name,task,hours,notes,user_email
2025-12-08,Support Portal,Ticket system,13.7,Incident response,eva.johnson@clockwise.test
2025-12-09,Design System,Storybook config,13.2,Sprint crunch,david.kim@clockwise.test
2025-12-10,Cloud Migration,Database migration,13.5,Sprint crunch,alice.chen@clockwise.test
2025-12-11,API Platform v2,API docs,13.4,Documentation push,frank.lee@clockwise.test
2025-12-12,Internal Tools,Admin dashboard,13.9,Release crunch,henry.zhao@clockwise.test
2025-12-13,Mobile App Redesign,Wireframes,10.8,Weekend sprint,henry.zhao@clockwise.test
2025-12-15,Automated Test Suite,Test infrastructure,10.3,Sprint planning,eva.johnson@clockwise.test
2025-12-17,Cloud Migration,Database migration,12.8,Migration deadline,alice.chen@clockwise.test
2025-12-18,Mobile App Redesign,Performance tuning,11.5,Sprint end,frank.lee@clockwise.test
2025-12-19,Design System,Dark mode,12.3,Release deadline,david.kim@clockwise.test
2025-12-23,Mobile App Redesign,UI implementation,12.5,Holiday crunch,david.kim@clockwise.test
2025-12-26,Support Portal,Ticket system,10.5,Holiday coverage,henry.zhao@clockwise.test
2026-01-05,Cloud Migration,Monitoring setup,12.4,Alert setup,eva.johnson@clockwise.test
2026-01-07,API Platform v2,Load testing,14.2,Release crunch,alice.chen@clockwise.test
2026-01-08,Internal Tools,Admin dashboard,10.8,Deadline,alice.chen@clockwise.test
2026-01-09,Design System,Component library,12.7,Sprint demo,henry.zhao@clockwise.test
2026-01-10,Support Portal,Knowledge base,11.2,Incident followup,henry.zhao@clockwise.test
2026-01-13,Internal Tools,Reporting module,14.1,Quarter end,david.kim@clockwise.test
2026-01-14,Design System,Dark mode,10.5,Sprint demo prep,carol.white@clockwise.test
2026-01-14,API Platform v2,Auth integration,12.3,Security audit,alice.chen@clockwise.test
2026-01-15,Support Portal,Search improvement,12.6,Client escalation,frank.lee@clockwise.test
2026-01-19,Design System,Accessibility audit,11.1,Audit deadline,eva.johnson@clockwise.test
2026-01-21,Cloud Migration,DNS cutover,11.5,Migration window,eva.johnson@clockwise.test
2026-01-23,Mobile App Redesign,Performance tuning,11.8,Sprint end,david.kim@clockwise.test
2026-02-03,Mobile App Redesign,Wireframes,11.2,Design review,frank.lee@clockwise.test
2026-02-06,Cloud Migration,Container setup,13.3,Deployment window,henry.zhao@clockwise.test
2026-02-09,API Platform v2,Rate limiting,12.8,Load test prep,eva.johnson@clockwise.test
2026-02-10,Cloud Migration,Container setup,12.9,Migration window,david.kim@clockwise.test
2026-02-11,Automated Test Suite,E2E tests,13.1,Release prep,alice.chen@clockwise.test
2026-02-18,Mobile App Redesign,UI implementation,12.1,Client review,carol.white@clockwise.test
2026-02-19,Cloud Migration,Database migration,14.0,Migration deadline,frank.lee@clockwise.test
2026-02-23,Mobile App Redesign,Performance tuning,13.1,Release crunch,eva.johnson@clockwise.test
2026-02-24,Support Portal,Ticket system,13.5,Escalation,david.kim@clockwise.test
2026-02-25,Design System,Component library,10.5,Code review backlog,alice.chen@clockwise.test
2026-02-27,Automated Test Suite,E2E tests,11.4,Sprint end,henry.zhao@clockwise.test
2026-03-02,Support Portal,Knowledge base,10.9,Client onboarding,eva.johnson@clockwise.test
2026-03-04,Cloud Migration,Monitoring setup,12.5,Incident response,alice.chen@clockwise.test
2026-03-04,Automated Test Suite,Coverage report,12.2,Release prep,eva.johnson@clockwise.test
2026-03-10,API Platform v2,Endpoint refactor,10.7,Client escalation,david.kim@clockwise.test
2026-03-12,Internal Tools,Automation scripts,10.4,Sprint end,frank.lee@clockwise.test
2026-03-13,API Platform v2,Load testing,12.1,Performance tuning,henry.zhao@clockwise.test
2026-03-16,Internal Tools,Reporting module,12.5,Quarter end,eva.johnson@clockwise.test
2026-03-18,Support Portal,Search improvement,11.2,Client escalation,alice.chen@clockwise.test
2026-03-19,API Platform v2,Auth integration,12.8,Security review,frank.lee@clockwise.test
2026-03-24,Design System,Accessibility audit,12.2,Audit deadline,david.kim@clockwise.test
2026-03-25,API Platform v2,API docs,13.8,API deadline,alice.chen@clockwise.test
2026-03-27,Design System,Storybook config,13.5,Sprint end,henry.zhao@clockwise.test
